id,name,email,mailing_address,cc_name,cc_cvv,cc_number,cc_exp,zipcode,status
1,Shani Impy,naitkin0@ycombinator.com,6152 Orin Terrace,Shani Impy,456,5048378886939886,2024-02-01,56527,paid
2,Bentlee Whacket,gbrill1@360.cn,8 Oriole Circle,Bentlee Whacket,654,5602235548005910,2023-07-01,68879,paid
3,Trever Marchington,hgreenan2@barnesandnoble.com,1780 Warrior Park,Trever Marchington,387,3567720765866811,2023-09-01,68211,paid
4,Emeline Darter,jharvett3@comcast.net,87567 Briar Crest Place,Jay Darter,359,3575895605504341,2024-04-01,69070,complete
5,Garry Eeles,fazam4@edublogs.org,513 Union Junction,Garry Eeles,784,5602240915273026,2024-04-01,71667,complete
6,Gayler Prangnell,anewlyn5@imageshack.us,0 Chinook Plaza,Gayler Prangnell,355,6767053872947038150,2022-11-01,80615,paid
7,Jessa MacAnulty,mseid6@baidu.com,78 Ilene Circle,Jenny MacAnulty,766,5602241332772863,2022-12-01,28311,paid
8,Hakeem Thornbarrow,nskett7@wunderground.com,60120 Helena Drive,Hakeem Thornbarrow,943,3583766056645851,2023-11-01,52599,paid
9,Barclay Canton,oeagle8@bigcartel.com,90411 Glendale Lane,Barclay Canton,970,50182886780702129,2023-12-01,52819,complete
10,Rikki Mac Giany,yduigenan9@lulu.com,5 Clemons Lane,Rikki Mac Giany,698,374283050539444,2023-11-01,87648,complete